year,state,number,population,party
1976,Alabama,69.0,3735139.0,1.0
1976,Alaska,55.9,400969.0,0.0
1976,Arizona,59.5,2346157.0,1.0
1976,Arkansas,56.3,2170161.0,1.0
1976,California,61.9,21935909.0,1.0
1976,Colorado,66.2,2632306.0,1.0
1976,Connecticut,64.2,3083335.0,1.0
1976,Delaware,62.1,590166.0,1.0
1976,Florida,55.8,8667379.0,1.0
1976,Georgia,63.7,5132812.0,1.0
1976,Hawaii,69.9,904191.0,1.0
1976,Idaho,63.0,856983.0,1.0
1976,Illinois,63.0,11342853.0,1.0
1976,Indiana,64.0,5389088.0,0.0
1976,Iowa,64.4,2903082.0,0.0
1976,Kansas,65.1,2301001.0,0.0
1976,Maryland,64.3,4150539.0,1.0
1976,Massachusetts,64.8,5743672.0,1.0
1976,Michigan,61.6,9129205.0,0.0
1976,Missouri,60.5,4839029.0,0.0
1976,Montana,62.7,757317.0,1.0
1976,Nebraska,64.9,1550911.0,1.0
1976,Nevada,71.3,646975.0,1.0
1976,New Hampshire,65.9,845248.0,0.0
1976,New Jersey,61.5,7339745.0,1.0
1976,New Mexico,60.8,1189295.0,1.0
1976,New York,58.0,17940541.0,1.0
1976,North Carolina,66.5,5607964.0,0.0
1976,North Dakota,62.6,645797.0,1.0
1976,Ohio,61.7,10752662.0,0.0
1976,Oklahoma,59.3,2826815.0,1.0
1976,Oregon,62.9,2378262.0,1.0
1976,Pennsylvania,58.4,11897378.0,1.0
1976,Rhode Island,63.8,946089.0,1.0
1976,South Carolina,65.3,2943657.0,0.0
1976,South Dakota,64.6,686390.0,1.0
1976,Texas,63.8,12904089.0,1.0
1976,Utah,62.8,1274928.0,1.0
1976,Vermont,63.6,484928.0,1.0
1976,Virginia,65.9,5121863.0,0.0
1976,Washington,60.9,3693610.0,0.0
1976,West Virginia,52.5,1879503.0,0.0
1976,Wisconsin,65.6,4595904.0,1.0
1976,Wyoming,65.3,396952.0,1.0
1977,Alabama,69.1,3780403.0,1.0
1977,Alaska,56.7,403436.0,0.0
1977,Arizona,60.2,2425197.0,1.0
1977,Arkansas,56.5,2209010.0,1.0
1977,California,62.7,22352396.0,1.0
1977,Colorado,66.0,2696140.0,1.0
1977,Connecticut,64.3,3085722.0,1.0
1977,Delaware,62.3,591829.0,0.0
1977,Florida,54.9,8856183.0,1.0
1977,Georgia,64.2,5219697.0,1.0
1977,Hawaii,68.9,918259.0,1.0
1977,Idaho,64.0,883469.0,1.0
1977,Illinois,63.1,11386316.0,0.0
1977,Indiana,63.8,5425638.0,0.0
1977,Iowa,65.1,2913573.0,0.0
1977,Kansas,65.9,2320647.0,0.0
1977,Maryland,64.6,4169595.0,1.0
1977,Massachusetts,64.5,5738199.0,1.0
1977,Michigan,62.1,9171110.0,0.0
1977,Missouri,61.6,4863173.0,0.0
1977,Montana,62.9,769953.0,1.0
1977,Nebraska,65.7,1556842.0,1.0
1977,Nevada,71.2,678333.0,1.0
1977,New Hampshire,66.8,869763.0,0.0
1977,New Jersey,62.1,7337169.0,1.0
1977,New Mexico,60.9,1215720.0,1.0
1977,New York,58.1,17812602.0,1.0
1977,North Carolina,66.0,5685607.0,1.0
1977,North Dakota,63.4,649769.0,1.0
1977,Ohio,61.5,10771394.0,0.0
1977,Oklahoma,59.2,2870014.0,1.0
1977,Oregon,63.8,2446673.0,1.0
1977,Pennsylvania,58.5,11893591.0,1.0
1977,Rhode Island,63.4,950230.0,1.0
1977,South Carolina,64.5,2991681.0,0.0
1977,South Dakota,65.1,688480.0,1.0
1977,Texas,64.0,13193050.0,1.0
1977,Utah,63.1,1319512.0,1.0
1977,Vermont,63.6,491931.0,0.0
1977,Virginia,65.3,5193112.0,0.0
1977,Washington,62.6,3776050.0,1.0
1977,West Virginia,51.2,1908088.0,1.0
1977,Wisconsin,65.9,4626514.0,1.0
1977,Wyoming,66.5,413354.0,1.0
1978,Alabama,71.1,3831836.0,1.0
1978,Alaska,58.1,404766.0,0.0
1978,Arizona,59.7,2515316.0,1.0
1978,Arkansas,57.1,2243127.0,1.0
1978,California,64.2,22835958.0,1.0
1978,Colorado,66.5,2766748.0,1.0
1978,Connecticut,65.3,3091627.0,1.0
1978,Delaware,62.9,594776.0,0.0
1978,Florida,56.3,9102032.0,1.0
1978,Georgia,64.0,5295751.0,1.0
1978,Hawaii,67.7,931584.0,1.0
1978,Idaho,65.7,910690.0,1.0
1978,Illinois,64.6,11412561.0,0.0
1978,Indiana,65.0,5470214.0,0.0
1978,Iowa,66.1,2918069.0,0.0
1978,Kansas,66.6,2335657.0,0.0
1978,Maryland,65.9,4183603.0,1.0
1978,Massachusetts,65.2,5736469.0,1.0
1978,Michigan,63.3,9217761.0,0.0
1978,Missouri,63.1,4889399.0,1.0
1978,Montana,63.9,782317.0,1.0
1978,Nebraska,67.0,1563884.0,1.0
1978,Nevada,70.9,719436.0,1.0
1978,New Hampshire,66.8,891520.0,0.0
1978,New Jersey,62.2,7350804.0,1.0
1978,New Mexico,61.0,1238034.0,1.0
1978,New York,58.7,17680589.0,1.0
1978,North Carolina,67.3,5759492.0,1.0
1978,North Dakota,64.1,651301.0,1.0
1978,Ohio,61.9,10795581.0,0.0
1978,Oklahoma,60.4,2917336.0,1.0
1978,Oregon,64.4,2518298.0,1.0
1978,Pennsylvania,58.9,11879396.0,1.0
1978,Rhode Island,63.2,951816.0,1.0
1978,South Carolina,64.1,3044364.0,0.0
1978,South Dakota,65.3,688580.0,1.0
1978,Texas,65.1,13500429.0,1.0
1978,Utah,63.1,1367510.0,1.0
1978,Vermont,65.9,498109.0,0.0
1978,Virginia,65.8,5270240.0,0.0
1978,Washington,63.2,3889073.0,1.0
1978,West Virginia,51.8,1923395.0,1.0
1978,Wisconsin,66.3,4646108.0,1.0
1978,Wyoming,68.6,432880.0,1.0
1979,Alabama,72.0,3866248.0,1.0
1979,Alaska,58.4,402753.0,0.0
1979,Arizona,60.9,2635571.0,1.0
1979,Arkansas,57.5,2271333.0,1.0
1979,California,65.3,23256880.0,1.0
1979,Colorado,67.3,2849234.0,1.0
1979,Connecticut,66.6,3095917.0,1.0
1979,Delaware,64.2,594984.0,0.0
1979,Florida,57.3,9426159.0,1.0
1979,Georgia,64.8,5401384.0,1.0
1979,Hawaii,67.0,953306.0,1.0
1979,Idaho,66.0,932627.0,1.0
1979,Illinois,64.9,11396837.0,0.0
1979,Indiana,66.3,5501174.0,0.0
1979,Iowa,66.1,2915739.0,0.0
1979,Kansas,67.5,2350906.0,1.0
1979,Maine,61.0,1122563.0,1.0
1979,Maryland,67.4,4191160.0,1.0
1979,Massachusetts,66.0,5738404.0,1.0
1979,Michigan,64.4,9266268.0,0.0
1979,Missouri,63.6,4912430.0,1.0
1979,Montana,64.3,787305.0,1.0
1979,Nebraska,66.7,1567344.0,0.0
1979,Nevada,70.7,765367.0,0.0
1979,New Hampshire,67.9,909074.0,1.0
1979,New Jersey,64.0,7366512.0,1.0
1979,New Mexico,61.6,1284722.0,1.0
1979,New York,60.0,17583838.0,1.0
1979,North Carolina,67.2,5823491.0,1.0
1979,North Dakota,64.9,652896.0,1.0
1979,Ohio,63.9,10798298.0,0.0
1979,Oklahoma,60.3,2975310.0,1.0
1979,Oregon,64.9,2588012.0,0.0
1979,Pennsylvania,59.7,11887975.0,0.0
1979,Rhode Island,63.9,950382.0,1.0
1979,South Carolina,63.9,3090267.0,1.0
1979,South Dakota,66.4,688335.0,0.0
1979,Texas,65.7,13888371.0,0.0
1979,Utah,64.6,1420238.0,1.0
1979,Vermont,66.6,505372.0,0.0
1979,Virginia,66.4,5307945.0,0.0
1979,Washington,64.9,4017632.0,1.0
1979,West Virginia,52.6,1942146.0,1.0
1979,Wisconsin,67.5,4682811.0,0.0
1979,Wyoming,69.5,454378.0,1.0
1980,Alabama,71.4,3900368.0,1.0
1980,Alaska,58.8,405315.0,0.0
1980,Arizona,61.3,2737774.0,1.0
1980,Arkansas,57.9,2288738.0,1.0
1980,California,65.4,23800800.0,1.0
1980,Colorado,69.0,2908803.0,1.0
1980,Connecticut,67.1,3113174.0,1.0
1980,Delaware,64.5,594919.0,0.0
1980,Florida,56.8,9839835.0,1.0
1980,Georgia,64.5,5486174.0,1.0
1980,Hawaii,66.4,967710.0,1.0
1980,Idaho,66.1,947983.0,1.0
1980,Illinois,65.5,11434702.0,0.0
1980,Indiana,66.1,5490721.0,0.0
1980,Iowa,67.3,2914018.0,0.0
1980,Kansas,67.8,2369039.0,1.0
1980,Maine,61.3,1126860.0,1.0
1980,Maryland,68.0,4227643.0,1.0
1980,Michigan,64.4,9255553.0,0.0
1980,Missouri,63.7,4921966.0,1.0
1980,Montana,65.1,788752.0,1.0
1980,Nebraska,66.6,1572296.0,0.0
1980,Nevada,70.9,810215.0,0.0
1980,New Hampshire,68.5,924250.0,1.0
1980,New Jersey,64.3,7376330.0,1.0
1980,New Mexico,61.5,1309400.0,1.0
1980,New York,60.3,17566754.0,1.0
1980,North Carolina,66.8,5898980.0,1.0
1980,North Dakota,64.9,654380.0,1.0
1980,Ohio,63.6,10800650.0,0.0
1980,Oklahoma,61.0,3040758.0,1.0
1980,Oregon,64.9,2641218.0,0.0
1980,Pennsylvania,60.2,11868305.0,0.0
1980,Rhode Island,65.2,948773.0,1.0
1980,South Carolina,62.7,3134502.0,1.0
1980,South Dakota,66.7,690851.0,0.0
1980,Texas,66.1,14338208.0,0.0
1980,Utah,65.8,1472595.0,1.0
1980,Vermont,66.1,512524.0,0.0
1980,Virginia,66.2,5368334.0,0.0
1980,Washington,65.1,4154678.0,1.0
1980,West Virginia,53.1,1951349.0,1.0
1980,Wisconsin,67.8,4712045.0,0.0
1980,Wyoming,70.2,474185.0,1.0
1981,Alabama,71.0,3918531.0,1.0
1981,Alaska,58.3,418491.0,0.0
1981,Arizona,61.6,2810107.0,1.0
1981,Arkansas,59.0,2293201.0,1.0
1981,California,65.2,24285933.0,1.0
1981,Colorado,69.3,2977898.0,1.0
1981,Connecticut,66.6,3128836.0,1.0
1981,Delaware,64.1,595975.0,0.0
1981,Florida,56.9,10192774.0,1.0
1981,Georgia,64.5,5568345.0,1.0
1981,Hawaii,66.8,978195.0,1.0
1981,Idaho,64.4,962204.0,1.0
1981,Illinois,65.5,11443458.0,0.0
1981,Indiana,65.0,5480435.0,0.0
1981,Iowa,66.1,2907983.0,0.0
1981,Kansas,67.7,2384849.0,1.0
1981,Maine,61.3,1133033.0,1.0
1981,Maryland,68.0,4261905.0,1.0
1981,Michigan,63.4,9209287.0,0.0
1981,Missouri,63.5,4932064.0,0.0
1981,Montana,65.6,795328.0,1.0
1981,Nebraska,66.5,1578515.0,0.0
1981,Nevada,72.2,847655.0,0.0
1981,New Hampshire,68.7,936621.0,1.0
1981,New Jersey,64.1,7407472.0,1.0
1981,New Mexico,61.4,1332748.0,1.0
1981,New York,60.0,17567734.0,1.0
1981,North Carolina,66.4,5956653.0,1.0
1981,North Dakota,65.4,659505.0,0.0
1981,Ohio,63.6,10788330.0,0.0
1981,Oklahoma,62.4,3096164.0,1.0
1981,Oregon,66.4,2667982.0,0.0
1981,Pennsylvania,60.1,11858567.0,0.0
1981,Rhode Island,65.6,953013.0,1.0
1981,South Carolina,63.2,3179255.0,1.0
1981,South Dakota,67.5,689584.0,0.0
1981,Texas,66.7,14746318.0,0.0
1981,Utah,65.5,1515471.0,1.0
1981,Vermont,66.8,515594.0,0.0
1981,Virginia,66.0,5444097.0,0.0
1981,Washington,64.5,4235731.0,0.0
1981,West Virginia,53.6,1954124.0,1.0
1981,Wisconsin,67.6,4726343.0,0.0
1981,Wyoming,70.8,491712.0,1.0
1982,Alabama,73.1,3925266.0,1.0
1982,Alaska,58.2,449606.0,1.0
1982,Arizona,62.7,2889861.0,1.0
1982,Arkansas,58.7,2294257.0,0.0
1982,California,65.2,24820009.0,1.0
1982,Colorado,69.3,3061564.0,1.0
1982,Connecticut,67.1,3139013.0,1.0
1982,Delaware,64.7,599148.0,0.0
1982,Florida,57.4,10471407.0,1.0
1982,Georgia,64.8,5649792.0,1.0
1982,Hawaii,66.2,993780.0,1.0
1982,Idaho,64.5,973721.0,1.0
1982,Illinois,65.4,11423412.0,0.0
1982,Indiana,64.6,5467922.0,0.0
1982,Iowa,65.7,2888189.0,0.0
1982,Kansas,66.8,2401202.0,1.0
1982,Maine,61.7,1136684.0,1.0
1982,Maryland,67.8,4282923.0,1.0
1982,Michigan,63.3,9115198.0,0.0
1982,Missouri,62.8,4929451.0,0.0
1982,Montana,65.8,803986.0,1.0
1982,Nebraska,66.8,1581780.0,0.0
1982,Nevada,73.5,881537.0,0.0
1982,New Hampshire,68.7,947719.0,0.0
1982,New Jersey,63.5,7430968.0,0.0
1982,New Mexico,61.2,1363823.0,1.0
1982,New York,59.5,17589738.0,1.0
1982,North Carolina,66.8,6019101.0,1.0
1982,North Dakota,65.5,668972.0,0.0
1982,Ohio,63.5,10757087.0,0.0
1982,Oklahoma,63.2,3206123.0,1.0
1982,Oregon,66.1,2664922.0,0.0
1982,Pennsylvania,59.9,11845146.0,0.0
1982,Rhode Island,65.8,954170.0,1.0
1982,South Carolina,63.7,3207614.0,1.0
1982,South Dakota,66.8,690597.0,0.0
1982,Texas,66.9,15331415.0,0.0
1982,Utah,65.9,1558314.0,1.0
1982,Vermont,67.9,519109.0,0.0
1982,Virginia,66.0,5492783.0,1.0
1982,Washington,64.0,4276552.0,0.0
1982,West Virginia,53.0,1949604.0,1.0
1982,Wisconsin,67.8,4728870.0,0.0
1982,Wyoming,70.6,506400.0,1.0
1983,Alabama,72.7,3934102.0,1.0
1983,Alaska,59.0,488417.0,1.0
1983,Arizona,63.7,2968925.0,1.0
1983,Arkansas,58.9,2305761.0,1.0
1983,California,65.7,25360026.0,1.0
1983,Colorado,70.8,3133630.0,1.0
1983,Connecticut,66.2,3162354.0,1.0
1983,Delaware,64.4,605458.0,0.0
1983,Florida,57.6,10749851.0,1.0
1983,Georgia,65.1,5728250.0,1.0
1983,Hawaii,66.7,1012717.0,1.0
1983,Idaho,65.8,981869.0,1.0
1983,Illinois,65.6,11408818.0,0.0
1983,Indiana,64.3,5450395.0,0.0
1983,Iowa,65.4,2870543.0,0.0
1983,Kansas,67.5,2415531.0,1.0
1983,Maine,62.1,1144772.0,1.0
1983,Maryland,67.5,4313327.0,1.0
1983,Massachusetts,66.6,5799407.0,1.0
1983,Michigan,63.5,9047754.0,1.0
1983,Missouri,63.1,4943733.0,0.0
1983,Montana,66.1,814031.0,1.0
1983,Nebraska,67.5,1584293.0,1.0
1983,Nevada,73.2,901977.0,1.0
1983,New Hampshire,68.7,958134.0,0.0
1983,New Jersey,63.5,7467785.0,0.0
1983,New Mexico,61.8,1394361.0,1.0
1983,New York,59.2,17686905.0,1.0
1983,North Carolina,65.6,6077056.0,1.0
1983,North Dakota,65.4,676688.0,0.0
1983,Ohio,63.5,10737632.0,1.0
1983,Oklahoma,63.4,3290402.0,1.0
1983,Oregon,67.1,2653066.0,0.0
1983,Pennsylvania,59.7,11837723.0,0.0
1983,Rhode Island,65.6,956382.0,1.0
1983,South Carolina,64.0,3234066.0,1.0
1983,South Dakota,66.9,693008.0,0.0
1983,Texas,67.5,15751676.0,0.0
1983,Utah,66.0,1594943.0,1.0
1983,Vermont,67.7,523302.0,0.0
1983,Virginia,66.7,5564657.0,1.0
1983,Washington,64.1,4300266.0,0.0
1983,West Virginia,52.2,1945061.0,1.0
1983,Wisconsin,68.5,4721438.0,1.0
1983,Wyoming,71.1,510345.0,1.0
1984,Alabama,71.9,3951820.0,1.0
1984,Alaska,59.8,513702.0,1.0
1984,Arizona,63.2,3067135.0,1.0
1984,Arkansas,59.3,2319768.0,1.0
1984,Colorado,71.0,3169992.0,1.0
1984,Connecticut,67.4,3180014.0,1.0
1984,Delaware,65.3,611565.0,0.0
1984,Florida,59.2,11039925.0,1.0
1984,Georgia,65.0,5834954.0,1.0
1984,Hawaii,66.3,1027922.0,1.0
1984,Idaho,66.0,990839.0,1.0
1984,Illinois,65.0,11412132.0,0.0
1984,Indiana,64.1,5458322.0,0.0
1984,Iowa,65.9,2858618.0,0.0
1984,Kansas,66.7,2424086.0,1.0
1984,Maine,63.0,1155635.0,1.0
1984,Maryland,68.0,4365243.0,1.0
1984,Massachusetts,67.1,5840773.0,1.0
1984,Michigan,63.5,9049452.0,1.0
1984,Missouri,63.3,4975278.0,0.0
1984,Montana,66.6,820905.0,1.0
1984,Nebraska,66.8,1588639.0,1.0
1984,Nevada,72.0,924922.0,1.0
1984,New Hampshire,70.3,976864.0,0.0
1984,New Jersey,64.9,7515473.0,0.0
1984,New Mexico,61.7,1416717.0,1.0
1984,New York,59.3,17745684.0,1.0
1984,North Carolina,66.4,6164006.0,1.0
1984,North Dakota,65.8,680497.0,0.0
1984,Ohio,63.4,10737746.0,1.0
1984,Oklahoma,63.5,3285533.0,1.0
1984,Oregon,66.0,2666588.0,0.0
1984,Pennsylvania,59.6,11815172.0,0.0
1984,Rhode Island,65.4,961894.0,1.0
1984,South Carolina,62.7,3271868.0,1.0
1984,South Dakota,66.8,697249.0,0.0
1984,Texas,67.5,16007086.0,1.0
1984,Utah,66.4,1622342.0,1.0
1984,Vermont,68.2,526660.0,0.0
1984,Virginia,67.0,5643870.0,1.0
1984,Washington,64.5,4343656.0,0.0
1984,West Virginia,51.4,1927697.0,1.0
1984,Wisconsin,67.6,4735563.0,1.0
1984,Wyoming,70.2,504896.0,1.0
1985,Alabama,73.0,3972523.0,1.0
1985,Alaska,60.2,532495.0,1.0
1985,Arizona,63.6,3183538.0,1.0
1985,Arkansas,58.5,2327046.0,1.0
1985,Colorado,71.3,3208723.0,1.0
1985,Connecticut,68.7,3201131.0,1.0
1985,Delaware,66.3,618280.0,0.0
1985,Florida,60.0,11351118.0,1.0
1985,Georgia,65.9,5962661.0,1.0
1985,Hawaii,65.6,1039698.0,1.0
1985,Idaho,66.6,994051.0,1.0
1985,Illinois,65.6,11399806.0,0.0
1985,Indiana,65.5,5459211.0,0.0
1985,Iowa,65.8,2829684.0,0.0
1985,Kansas,68.2,2427405.0,1.0
1985,Maine,63.7,1162936.0,1.0
1985,Maryland,68.5,4413071.0,1.0
1985,Massachusetts,67.6,5880733.0,1.0
1985,Michigan,64.2,9076293.0,1.0
1985,Missouri,64.0,5000268.0,0.0
1985,Montana,67.1,822320.0,1.0
1985,Nebraska,67.9,1584664.0,1.0
1985,Nevada,72.2,951030.0,1.0
1985,New Hampshire,70.9,996753.0,0.0
1985,New Jersey,65.1,7565528.0,0.0
1985,New Mexico,62.9,1438361.0,1.0
1985,New York,59.8,17791672.0,1.0
1985,North Carolina,66.3,6253954.0,1.0
1985,North Dakota,67.0,676980.0,1.0
1985,Ohio,63.6,10734926.0,1.0
1985,Oklahoma,64.4,3271332.0,1.0
1985,Oregon,65.6,2672652.0,0.0
1985,Pennsylvania,60.0,11770862.0,0.0
1985,Rhode Island,66.5,968955.0,0.0
1985,South Carolina,63.5,3303209.0,1.0
1985,South Dakota,67.9,698402.0,0.0
1985,Texas,68.9,16272734.0,1.0
1985,Utah,68.5,1642910.0,0.0
1985,Vermont,68.9,530035.0,0.0
1985,Virginia,68.3,5715153.0,1.0
1985,Washington,64.4,4400098.0,1.0
1985,West Virginia,51.9,1906831.0,1.0
1985,Wisconsin,67.3,4747767.0,1.0
1985,Wyoming,70.8,499695.0,1.0
1986,Alabama,72.9,3991569.0,1.0
1986,Alaska,60.4,544268.0,1.0
1986,Arizona,63.9,3308262.0,1.0
1986,Arkansas,59.0,2331984.0,1.0
1986,Colorado,70.2,3237450.0,1.0
1986,Connecticut,69.4,3223740.0,1.0
1986,Delaware,66.7,627559.0,0.0
1986,Florida,60.1,11667505.0,1.0
1986,Georgia,66.2,6084666.0,1.0
1986,Hawaii,66.3,1051762.0,1.0
1986,Idaho,66.6,990224.0,1.0
1986,Illinois,65.6,11387257.0,0.0
1986,Indiana,66.3,5454108.0,0.0
1986,Iowa,67.0,2791970.0,0.0
1986,Kansas,68.6,2432619.0,1.0
1986,Maine,63.7,1170126.0,1.0
1986,Maryland,68.4,4486957.0,1.0
1986,Massachusetts,67.3,5902678.0,1.0
1986,Michigan,63.9,9127775.0,1.0
1986,Missouri,65.0,5023068.0,0.0
1986,Montana,67.2,813739.0,1.0
1986,Nebraska,69.1,1574333.0,1.0
1986,Nevada,71.6,980613.0,1.0
1986,New Hampshire,71.9,1025053.0,0.0
1986,New Jersey,65.5,7622159.0,0.0
1986,New Mexico,63.4,1462729.0,1.0
1986,New York,61.4,17833419.0,1.0
1986,North Carolina,67.2,6321578.0,0.0
1986,North Dakota,68.3,669512.0,1.0
1986,Ohio,64.2,10730268.0,1.0
1986,Oklahoma,65.1,3252735.0,1.0
1986,Oregon,65.9,2683528.0,0.0
1986,Pennsylvania,60.8,11782752.0,0.0
1986,Rhode Island,66.9,977341.0,0.0
1986,South Carolina,64.1,3342758.0,1.0
1986,South Dakota,68.6,696034.0,0.0
1986,Texas,68.7,16561113.0,1.0
1986,Utah,69.4,1662834.0,0.0
1986,Vermont,70.5,534066.0,1.0
1986,Virginia,67.6,5811700.0,1.0
1986,Washington,65.0,4452720.0,1.0
1986,Wisconsin,67.2,4755618.0,1.0
1986,Wyoming,70.5,495633.0,1.0
1987,Alabama,72.3,4015264.0,0.0
1987,Alaska,60.8,539309.0,1.0
1987,Arizona,64.5,3437103.0,0.0
1987,Arkansas,59.5,2342355.0,1.0
1987,Colorado,69.8,3260480.0,1.0
1987,Connecticut,69.8,3247291.0,1.0
1987,Delaware,67.5,636947.0,0.0
1987,Florida,61.6,11997283.0,0.0
1987,Georgia,67.2,6208467.0,1.0
1987,Hawaii,66.5,1067918.0,1.0
1987,Idaho,66.5,984997.0,1.0
1987,Illinois,65.5,11391178.0,0.0
1987,Indiana,66.4,5473012.0,0.0
1987,Iowa,68.1,2767011.0,0.0
1987,Kansas,69.1,2445367.0,0.0
1987,Maine,64.4,1184574.0,0.0
1987,Maryland,69.9,4565557.0,1.0
1987,Massachusetts,67.2,5935204.0,1.0
1987,Michigan,64.7,9187481.0,1.0
1987,Missouri,66.0,5056696.0,0.0
1987,Montana,67.5,805063.0,1.0
1987,Nebraska,69.0,1566547.0,0.0
1987,Nevada,72.8,1023376.0,1.0
1987,New Hampshire,71.7,1054289.0,0.0
1987,New Jersey,65.5,7670742.0,0.0
1987,New Mexico,63.2,1478520.0,0.0
1987,New York,61.4,17868848.0,1.0
1987,North Carolina,67.8,6403700.0,0.0
1987,North Dakota,68.2,661136.0,1.0
1987,Ohio,64.6,10760090.0,1.0
1987,Oklahoma,65.0,3210122.0,0.0
1987,Oregon,66.5,2700991.0,1.0
1987,Pennsylvania,60.4,11810866.0,1.0
1987,Rhode Island,67.2,989604.0,0.0
1987,South Carolina,65.3,3380506.0,0.0
1987,South Dakota,68.4,696036.0,0.0
1987,Texas,68.7,16621791.0,0.0
1987,Utah,70.0,1678119.0,0.0
1987,Vermont,71.3,540267.0,1.0
1987,Virginia,68.3,5932268.0,1.0
1987,Washington,66.1,4531901.0,1.0
1987,Wisconsin,68.5,4777919.0,0.0
1987,Wyoming,69.9,476965.0,1.0
1988,Alabama,72.2,4023844.0,0.0
1988,Alaska,60.9,541983.0,1.0
1988,Arizona,64.2,3535183.0,1.0
1988,Arkansas,60.5,2342656.0,1.0
1988,Colorado,69.4,3262281.0,1.0
1988,Connecticut,69.4,3271953.0,1.0
1988,Delaware,68.1,647622.0,0.0
1988,Florida,62.7,12306395.0,0.0
1988,Georgia,67.7,6316142.0,1.0
1988,Hawaii,67.4,1079828.0,1.0
1988,Idaho,66.2,985664.0,1.0
1988,Illinois,66.1,11390183.0,0.0
1988,Indiana,65.9,5491735.0,0.0
1988,Iowa,68.7,2768388.0,0.0
1988,Kansas,69.0,2461996.0,0.0
1988,Maine,65.3,1203840.0,0.0
1988,Maryland,70.0,4657904.0,1.0
1988,Massachusetts,68.1,5979982.0,1.0
1988,Michigan,65.1,9217998.0,1.0
1988,Missouri,66.0,5081736.0,0.0
1988,Montana,67.4,800202.0,1.0
1988,Nebraska,68.5,1571477.0,0.0
1988,Nevada,72.7,1075022.0,1.0
1988,New Hampshire,72.3,1082577.0,0.0
1988,New Jersey,65.9,7712333.0,0.0
1988,New Mexico,63.1,1490337.0,0.0
1988,New York,61.8,17941309.0,1.0
1988,North Carolina,68.2,6480594.0,0.0
1988,North Dakota,68.5,655331.0,1.0
1988,Ohio,64.5,10798552.0,1.0
1988,Oklahoma,64.2,3167057.0,0.0
1988,Oregon,67.3,2741297.0,1.0
1988,Pennsylvania,61.5,11845752.0,1.0
1988,Rhode Island,67.3,996408.0,0.0
1988,South Carolina,65.7,3412096.0,0.0
1988,South Dakota,68.8,698165.0,0.0
1988,Texas,69.1,16667022.0,0.0
1988,Utah,69.1,1689372.0,0.0
1988,Vermont,71.1,549763.0,1.0
1988,Virginia,68.7,6036909.0,1.0
1988,Washington,66.8,4639893.0,1.0
1988,Wisconsin,69.1,4822388.0,0.0
1988,Wyoming,69.1,465101.0,1.0
1989,Alabama,72.6,4030222.0,0.0
1989,Alaska,61.1,547159.0,1.0
1989,Arizona,65.4,3622185.0,1.0
1989,Arkansas,61.3,2346358.0,1.0
1989,Colorado,68.3,3275818.0,1.0
1989,Connecticut,69.8,3283403.0,1.0
1989,Delaware,69.8,658273.0,0.0
1989,Florida,63.2,12637715.0,0.0
1989,Georgia,68.1,6411099.0,1.0
1989,Hawaii,66.7,1094588.0,1.0
1989,Idaho,67.8,994416.0,1.0
1989,Illinois,67.6,11409782.0,0.0
1989,Indiana,67.6,5523693.0,1.0
1989,Iowa,70.0,2770592.0,0.0
1989,Kansas,69.2,2472849.0,0.0
1989,Maine,65.7,1219961.0,0.0
1989,Maryland,70.2,4727301.0,1.0
1989,Massachusetts,68.8,6015478.0,1.0
1989,Michigan,65.7,9253295.0,1.0
1989,Missouri,67.0,5095830.0,0.0
1989,Montana,68.0,799636.0,0.0
1989,Nebraska,68.6,1574864.0,0.0
1989,Nevada,72.2,1137382.0,1.0
1989,New Hampshire,72.2,1104522.0,0.0
1989,New Jersey,66.2,7726089.0,0.0
1989,New Mexico,62.9,1503901.0,0.0
1989,New York,62.5,17983086.0,1.0
1989,North Carolina,68.5,6565459.0,0.0
1989,North Dakota,68.8,646351.0,1.0
1989,Ohio,65.3,10829217.0,1.0
1989,Oklahoma,63.9,3150307.0,0.0
1989,Oregon,68.3,2790575.0,1.0
1989,Pennsylvania,62.2,11865996.0,1.0
1989,Rhode Island,67.6,1000666.0,0.0
1989,South Carolina,65.7,3456775.0,0.0
1989,South Dakota,69.1,696701.0,0.0
1989,Texas,69.3,16806735.0,0.0
1989,Utah,70.0,1705864.0,0.0
1989,Vermont,71.2,557707.0,1.0
1989,Virginia,68.8,6120246.0,1.0
1989,Washington,67.9,4746316.0,1.0
1989,West Virginia,51.7,1806568.0,1.0
1989,Wisconsin,70.8,4856574.0,0.0
1989,Wyoming,69.2,458374.0,1.0
1990,Alabama,71.2,4048508.0,0.0
1990,Alaska,62.1,553120.0,1.0
1990,Arizona,63.3,3679056.0,1.0
1990,Arkansas,62.7,2354343.0,1.0
1990,Colorado,69.6,3303862.0,1.0
1990,Connecticut,70.1,3289056.0,1.0
1990,Delaware,70.6,669063.0,0.0
1990,Florida,62.6,13018365.0,0.0
1990,Georgia,67.4,6506531.0,1.0
1990,Hawaii,67.8,1112703.0,1.0
1990,Idaho,68.4,1011882.0,1.0
1990,Illinois,69.1,11446979.0,0.0
1990,Indiana,68.7,5555097.0,1.0
1990,Iowa,70.3,2779769.0,0.0
1990,Kansas,69.7,2480683.0,0.0
1990,Maine,67.0,1231296.0,0.0
1990,Maryland,69.3,4797431.0,1.0
1990,Massachusetts,68.5,6018664.0,1.0
1990,Michigan,66.4,9310462.0,1.0
1990,Missouri,67.9,5126370.0,0.0
1990,Montana,68.8,799824.0,0.0
1990,Nebraska,70.9,1580664.0,0.0
1990,Nevada,69.4,1218629.0,1.0
1990,New Hampshire,73.6,1111831.0,0.0
1990,New Jersey,67.1,7757158.0,1.0
1990,New Mexico,63.3,1519933.0,0.0
1990,New York,62.8,18002855.0,1.0
1990,North Carolina,68.1,6656987.0,0.0
1990,North Dakota,69.5,637364.0,1.0
1990,Ohio,66.2,10861837.0,1.0
1990,Oklahoma,64.9,3147105.0,0.0
1990,Oregon,67.4,2858547.0,1.0
1990,Pennsylvania,63.6,11895604.0,1.0
1990,Rhode Island,67.9,1004649.0,0.0
1990,South Carolina,66.7,3499064.0,0.0
1990,South Dakota,70.3,696667.0,0.0
1990,Texas,67.9,17044714.0,0.0
1990,Utah,70.8,1729722.0,0.0
1990,Vermont,72.0,564526.0,1.0
1990,Virginia,69.0,6213526.0,1.0
1990,Washington,68.4,4900780.0,1.0
1990,West Virginia,55.3,1792481.0,1.0
1990,Wisconsin,70.7,4902265.0,0.0
1990,Wyoming,72.4,453401.0,1.0
1991,Alabama,72.7,4091025.0,0.0
1991,Arizona,63.6,3762394.0,0.0
1991,Arkansas,61.7,2370666.0,1.0
1991,California,66.2,30414114.0,0.0
1991,Colorado,70.4,3367567.0,1.0
1991,Connecticut,70.8,3288640.0,1.0
1991,Delaware,69.7,680495.0,0.0
1991,Florida,62.6,13289497.0,1.0
1991,Georgia,67.1,6621279.0,1.0
1991,Hawaii,68.5,1131412.0,1.0
1991,Idaho,67.5,1038915.0,1.0
1991,Illinois,67.9,11535973.0,0.0
1991,Indiana,66.5,5602062.0,1.0
1991,Iowa,69.6,2791227.0,0.0
1991,Kansas,70.1,2495209.0,1.0
1991,Maine,68.0,1235439.0,0.0
1991,Maryland,70.1,4856176.0,1.0
1991,Massachusetts,67.9,5998652.0,0.0
1991,Michigan,65.3,9395022.0,0.0
1991,Missouri,67.8,5157770.0,0.0
1991,Montana,67.0,807837.0,0.0
1991,Nebraska,71.2,1590805.0,1.0
1991,Nevada,70.8,1285046.0,1.0
1991,New Hampshire,73.3,1107055.0,0.0
1991,New Jersey,66.9,7784269.0,1.0
1991,New Mexico,63.5,1547115.0,1.0
1991,New York,62.2,18029532.0,1.0
1991,North Carolina,68.2,6748135.0,0.0
1991,North Dakota,68.2,634199.0,1.0
1991,Ohio,65.5,10933683.0,0.0
1991,Oklahoma,64.4,3166471.0,1.0
1991,Oregon,67.9,2918745.0,1.0
1991,Pennsylvania,63.0,11943160.0,1.0
1991,Rhode Island,67.4,1003990.0,1.0
1991,South Carolina,66.2,3559470.0,0.0
1991,South Dakota,69.8,701445.0,0.0
1991,Texas,68.4,17339904.0,1.0
1991,Utah,70.4,1771941.0,0.0
1991,Vermont,70.9,567141.0,1.0
1991,Virginia,70.0,6283853.0,1.0
1991,Washington,68.1,5013443.0,1.0
1991,West Virginia,55.3,1798212.0,1.0
1991,Wisconsin,70.9,4952675.0,0.0
1991,Wyoming,71.4,457739.0,1.0
1992,Alabama,72.4,4139269.0,0.0
1992,Arizona,63.7,3867333.0,0.0
1992,Arkansas,62.4,2394098.0,1.0
1992,California,66.1,30875920.0,0.0
1992,Colorado,69.9,3459995.0,1.0
1992,Delaware,69.1,690158.0,0.0
1992,Florida,61.9,13504775.0,1.0
1992,Georgia,66.4,6759474.0,1.0
1992,Hawaii,68.3,1149926.0,1.0
1992,Idaho,68.1,1066490.0,1.0
1992,Illinois,67.9,11635197.0,0.0
1992,Indiana,66.0,5648649.0,1.0
1992,Iowa,70.8,2806923.0,0.0
1992,Kansas,70.2,2526042.0,1.0
1992,Maine,67.8,1235748.0,0.0
1992,Maryland,70.7,4902545.0,1.0
1992,Massachusetts,68.1,5993474.0,0.0
1992,Michigan,65.2,9470323.0,0.0
1992,Missouri,67.4,5193686.0,0.0
1992,Montana,67.7,822436.0,0.0
1992,Nebraska,71.3,1602406.0,1.0
1992,Nevada,69.8,1330694.0,1.0
1992,New Hampshire,72.7,1112766.0,0.0
1992,New Jersey,66.9,7827770.0,1.0
1992,New Mexico,63.3,1580750.0,1.0
1992,New York,61.7,18082032.0,1.0
1992,North Carolina,68.2,6831850.0,0.0
1992,North Dakota,68.1,635427.0,0.0
1992,Ohio,65.5,11007609.0,0.0
1992,Oklahoma,63.9,3204174.0,1.0
1992,Oregon,67.6,2973934.0,1.0
1992,Pennsylvania,63.3,11980819.0,1.0
1992,Rhode Island,67.7,1000571.0,1.0
1992,South Carolina,66.6,3600576.0,0.0
1992,South Dakota,70.4,708698.0,0.0
1992,Texas,68.9,17650479.0,1.0
1992,Utah,70.4,1821498.0,0.0
1992,Vermont,71.2,570115.0,1.0
1992,Virginia,70.9,6383315.0,1.0
1992,Washington,68.2,5139011.0,1.0
1992,West Virginia,55.6,1805462.0,1.0
1992,Wisconsin,70.7,5004636.0,0.0
1992,Wyoming,70.8,463491.0,1.0
1993,Alabama,72.5,4193114.0,1.0
1993,Arizona,62.9,3993390.0,0.0
1993,Arkansas,61.5,2423743.0,1.0
1993,California,65.8,31147208.0,0.0
1993,Colorado,70.1,3560884.0,1.0
1993,Delaware,69.2,699475.0,1.0
1993,Florida,62.0,13713593.0,1.0
1993,Georgia,67.0,6894092.0,1.0
1993,Hawaii,68.7,1161508.0,1.0
1993,Idaho,67.8,1101204.0,1.0
1993,Illinois,67.8,11725984.0,0.0
1993,Indiana,66.8,5701965.0,1.0
1993,Iowa,72.1,2820525.0,0.0
1993,Kansas,70.4,2547605.0,1.0
1993,Maine,66.8,1238256.0,0.0
1993,Maryland,70.5,4942504.0,1.0
1993,Massachusetts,67.8,6010884.0,0.0
1993,Michigan,65.2,9529240.0,0.0
1993,Missouri,67.3,5237757.0,1.0
1993,Montana,68.0,839876.0,0.0
1993,Nebraska,71.3,1612149.0,1.0
1993,Nevada,69.5,1380197.0,1.0
1993,New Hampshire,72.7,1122191.0,0.0
1993,New Jersey,65.8,7874891.0,1.0
1993,New Mexico,63.2,1614937.0,1.0
1993,New York,62.0,18140894.0,1.0
1993,North Carolina,67.8,6947412.0,1.0
1993,North Dakota,67.9,637229.0,0.0
1993,Ohio,65.5,11070385.0,0.0
1993,Oklahoma,63.3,3228829.0,1.0
1993,Oregon,67.8,3034490.0,1.0
1993,Pennsylvania,63.3,12022128.0,1.0
1993,Rhode Island,67.5,997852.0,1.0
1993,South Carolina,66.7,3634507.0,0.0
1993,South Dakota,70.6,716258.0,0.0
1993,Texas,68.7,17996764.0,1.0
1993,Utah,70.8,1875993.0,0.0
1993,Vermont,71.9,574004.0,1.0
1993,Virginia,69.9,6464795.0,1.0
1993,Washington,68.5,5247704.0,1.0
1993,West Virginia,55.2,1816179.0,1.0
1993,Wisconsin,71.6,5055318.0,0.0
1993,Wyoming,70.0,469033.0,1.0
1994,Alabama,73.7,4232965.0,1.0
1994,Alaska,62.1,600624.0,1.0
1994,Arizona,64.5,4147561.0,0.0
1994,Arkansas,62.4,2450605.0,1.0
1994,California,65.8,31317179.0,0.0
1994,Colorado,71.1,3653910.0,1.0
1994,Delaware,70.0,708416.0,1.0
1994,Florida,62.3,13961798.0,1.0
1994,Georgia,67.8,7045900.0,1.0
1994,Hawaii,68.2,1173903.0,1.0
1994,Idaho,70.4,1135459.0,1.0
1994,Illinois,68.2,11804986.0,0.0
1994,Indiana,68.9,5745626.0,1.0
1994,Iowa,72.7,2829422.0,0.0
1994,Kansas,70.9,2569118.0,1.0
1994,Maine,66.0,1237687.0,0.0
1994,Maryland,70.8,4985411.0,1.0
1994,Massachusetts,67.7,6031352.0,0.0
1994,Michigan,66.6,9584481.0,0.0
1994,Missouri,68.1,5281206.0,1.0
1994,Montana,67.8,854923.0,0.0
1994,Nebraska,72.6,1621551.0,1.0
1994,Nevada,70.3,1456388.0,1.0
1994,New Hampshire,72.0,1133054.0,0.0
1994,New Jersey,66.0,7918796.0,0.0
1994,New Mexico,63.6,1653329.0,1.0
1994,New York,61.5,18156652.0,1.0
1994,North Carolina,67.0,7060959.0,1.0
1994,North Dakota,70.0,639762.0,0.0
1994,Ohio,66.1,11111451.0,0.0
1994,Oklahoma,63.9,3246119.0,1.0
1994,Oregon,68.7,3087142.0,1.0
1994,Pennsylvania,63.2,12042545.0,1.0
1994,Rhode Island,66.5,993412.0,1.0
1994,South Carolina,66.4,3666456.0,0.0
1994,South Dakota,70.8,723038.0,0.0
1994,Texas,69.3,18338319.0,1.0
1994,Utah,73.0,1930436.0,0.0
1994,Vermont,71.3,578900.0,1.0
1994,Virginia,69.2,6536771.0,0.0
1994,Washington,68.1,5334896.0,1.0
1994,West Virginia,55.0,1818490.0,1.0
1994,Wisconsin,72.9,5095504.0,0.0
1994,Wyoming,70.7,474982.0,1.0
1995,Alabama,73.0,4262731.0,0.0
1995,Alaska,63.0,601345.0,1.0
1995,Arizona,66.4,4306908.0,0.0
1995,Arkansas,62.9,2480121.0,1.0
1995,California,65.4,31493525.0,0.0
1995,Colorado,72.6,3738061.0,1.0
1995,Connecticut,68.7,3265293.0,0.0
1995,Delaware,69.7,718265.0,1.0
1995,Florida,62.4,14185403.0,1.0
1995,Georgia,67.5,7188538.0,1.0
1995,Hawaii,67.7,1180490.0,1.0
1995,Idaho,70.5,1165000.0,0.0
1995,Illinois,68.2,11884935.0,0.0
1995,Indiana,70.9,5791819.0,1.0
1995,Iowa,73.2,2840860.0,0.0
1995,Kansas,70.9,2586942.0,0.0
1995,Maine,66.3,1237438.0,0.0
1995,Maryland,71.2,5023650.0,1.0
1995,Massachusetts,68.0,6062335.0,0.0
1995,Michigan,66.4,9659871.0,0.0
1995,Missouri,69.5,5324610.0,1.0
1995,Montana,68.0,868522.0,0.0
1995,Nebraska,73.3,1635142.0,1.0
1995,Nevada,69.7,1525777.0,1.0
1995,New Hampshire,72.5,1145604.0,0.0
1995,New Jersey,66.4,7965523.0,0.0
1995,New Mexico,63.8,1682417.0,0.0
1995,New York,61.2,18150928.0,0.0
1995,North Carolina,67.3,7185403.0,1.0
1995,North Dakota,71.4,641548.0,0.0
1995,Ohio,65.9,11155493.0,0.0
1995,Oklahoma,63.7,3265547.0,0.0
1995,Oregon,68.0,3141421.0,1.0
1995,Pennsylvania,62.8,12044780.0,0.0
1995,Rhode Island,65.4,989203.0,0.0
1995,South Carolina,66.4,3699943.0,0.0
1995,South Dakota,71.6,728251.0,0.0
1995,Texas,69.3,18679706.0,0.0
1995,Utah,73.2,1976774.0,0.0
1995,Vermont,71.5,582827.0,1.0
1995,Virginia,69.8,6601392.0,0.0
1995,Washington,68.0,5431024.0,1.0
1995,West Virginia,54.8,1820560.0,1.0
1995,Wisconsin,73.4,5137004.0,0.0
1995,Wyoming,70.8,478447.0,0.0
1996,Alabama,73.1,4290403.0,0.0
1996,Alaska,62.5,604918.0,1.0
1996,Arizona,66.4,4432308.0,0.0
1996,Arkansas,62.6,2504858.0,0.0
1996,California,64.8,31780829.0,0.0
1996,Colorado,72.6,3812716.0,1.0
1996,Connecticut,68.1,3267030.0,0.0
1996,Delaware,67.9,727090.0,1.0
1996,Florida,61.9,14426911.0,1.0
1996,Georgia,67.5,7332225.0,1.0
1996,Hawaii,67.4,1184434.0,1.0
1996,Idaho,70.1,1187706.0,0.0
1996,Illinois,68.3,11953003.0,0.0
1996,Indiana,69.6,5834908.0,1.0
1996,Iowa,73.3,2848473.0,0.0
1996,Kansas,70.2,2598266.0,0.0
1996,Maryland,70.8,5057142.0,1.0
1996,Massachusetts,67.2,6085393.0,0.0
1996,Michigan,66.0,9739184.0,0.0
1996,Missouri,70.3,5367888.0,1.0
1996,Montana,67.2,876656.0,0.0
1996,Nebraska,73.2,1647657.0,1.0
1996,Nevada,69.3,1596476.0,1.0
1996,New Hampshire,71.2,1160768.0,0.0
1996,New Jersey,66.3,8009624.0,0.0
1996,New Mexico,63.5,1706151.0,0.0
1996,New York,61.1,18143805.0,0.0
1996,North Carolina,67.3,7307658.0,1.0
1996,North Dakota,71.5,642858.0,0.0
1996,Ohio,66.1,11187032.0,0.0
1996,Oklahoma,63.6,3289634.0,0.0
1996,Oregon,68.3,3195087.0,1.0
1996,Pennsylvania,63.1,12038008.0,0.0
1996,Rhode Island,65.3,987858.0,0.0
1996,South Carolina,65.8,3738974.0,0.0
1996,South Dakota,71.5,730699.0,0.0
1996,Texas,69.2,19006240.0,0.0
1996,Utah,71.8,2022253.0,0.0
1996,Vermont,71.6,586352.0,1.0
1996,Virginia,68.2,6665491.0,0.0
1996,Washington,68.5,5509963.0,1.0
1996,West Virginia,54.9,1818983.0,1.0
1996,Wisconsin,73.7,5173828.0,0.0
1996,Wyoming,70.3,480085.0,0.0
1997,Alabama,73.6,4320281.0,0.0
1997,Alaska,63.6,608846.0,1.0
1997,Arizona,65.0,4552207.0,0.0
1997,Arkansas,62.0,2524007.0,0.0
1997,California,65.7,32217708.0,0.0
1997,Colorado,71.4,3891293.0,1.0
1997,Connecticut,68.5,3268514.0,0.0
1997,Delaware,68.2,735024.0,1.0
1997,Florida,62.2,14683350.0,1.0
1997,Georgia,68.7,7486094.0,1.0
1997,Hawaii,68.0,1189322.0,1.0
1997,Idaho,70.4,1210638.0,0.0
1997,Illinois,68.6,12011509.0,0.0
1997,Indiana,68.8,5872370.0,1.0
1997,Iowa,73.1,2854396.0,0.0
1997,Kansas,70.6,2616339.0,0.0
1997,Maryland,71.4,5092914.0,1.0
1997,Massachusetts,68.3,6115476.0,0.0
1997,Michigan,66.7,9785450.0,0.0
1997,Missouri,70.9,5407113.0,1.0
1997,Montana,67.1,878706.0,0.0
1997,Nebraska,73.1,1656042.0,1.0
1997,Nevada,69.7,1675581.0,1.0
1997,New Hampshire,71.4,1173239.0,1.0
1997,New Jersey,67.6,8054178.0,0.0
1997,New Mexico,63.2,1722939.0,0.0
1997,New York,62.6,18143184.0,0.0
1997,North Carolina,68.2,7428672.0,1.0
1997,North Dakota,71.8,640945.0,0.0
1997,Ohio,66.5,11212498.0,0.0
1997,Oklahoma,64.1,3314259.0,0.0
1997,Oregon,68.4,3243254.0,1.0
1997,Pennsylvania,64.1,12015888.0,0.0
1997,Rhode Island,66.3,986966.0,0.0
1997,South Carolina,66.6,3790066.0,0.0
1997,South Dakota,71.6,730855.0,0.0
1997,Texas,69.2,19355427.0,0.0
1997,Utah,71.6,2065397.0,0.0
1997,Vermont,71.7,588665.0,1.0
1997,Virginia,67.9,6732878.0,0.0
1997,Washington,69.2,5604105.0,1.0
1997,West Virginia,55.1,1815588.0,0.0
1997,Wisconsin,73.7,5200235.0,0.0
1997,Wyoming,70.1,480031.0,0.0
1998,Alabama,73.9,4351037.0,0.0
1998,Alaska,63.8,615205.0,1.0
1998,Arizona,64.3,4667277.0,0.0
1998,Arkansas,61.6,2538202.0,0.0
1998,California,66.3,32682794.0,0.0
1998,Colorado,73.1,3968967.0,1.0
1998,Connecticut,67.6,3272563.0,0.0
1998,Delaware,67.4,744066.0,1.0
1998,Florida,62.6,14908230.0,1.0
1998,Georgia,69.0,7636522.0,1.0
1998,Hawaii,67.2,1190472.0,1.0
1998,Idaho,70.5,1230923.0,0.0
1998,Illinois,68.8,12069774.0,0.0
1998,Indiana,68.9,5907617.0,1.0
1998,Iowa,72.2,2861025.0,0.0
1998,Kansas,70.5,2638667.0,0.0
1998,Maryland,70.9,5130072.0,1.0
1998,Massachusetts,68.4,6144407.0,0.0
1998,Michigan,67.5,9820231.0,0.0
1998,Missouri,71.0,5437562.0,1.0
1998,Montana,67.8,879533.0,0.0
1998,Nebraska,73.0,1660772.0,1.0
1998,Nevada,69.4,1743772.0,1.0
1998,New Hampshire,71.4,1185823.0,1.0
1998,New Jersey,67.0,8095542.0,0.0
1998,New Mexico,63.4,1733535.0,0.0
1998,New York,63.2,18159175.0,0.0
1998,North Carolina,67.2,7545828.0,1.0
1998,North Dakota,71.8,637808.0,0.0
1998,Ohio,66.9,11237752.0,0.0
1998,Oklahoma,64.2,3339478.0,0.0
1998,Oregon,68.9,3282055.0,1.0
1998,Pennsylvania,64.4,12002329.0,0.0
1998,Rhode Island,66.7,987704.0,0.0
1998,South Carolina,65.6,3839578.0,0.0
1998,South Dakota,71.9,730789.0,0.0
1998,Texas,68.9,19712389.0,0.0
1998,Utah,72.0,2100562.0,0.0
1998,Vermont,71.9,590579.0,1.0
1998,Virginia,67.3,6789225.0,0.0
1998,Washington,69.6,5687832.0,1.0
1998,West Virginia,55.2,1811688.0,0.0
1998,Wisconsin,74.4,5222124.0,0.0
1998,Wyoming,70.4,480045.0,0.0
1999,Alabama,73.8,4369862.0,1.0
1999,Alaska,63.6,619500.0,1.0
1999,Arizona,65.9,4778332.0,0.0
1999,Arkansas,61.7,2551373.0,0.0
1999,California,66.4,33145121.0,1.0
1999,Colorado,73.3,4056133.0,0.0
1999,Connecticut,67.6,3282031.0,0.0
1999,Delaware,67.8,753538.0,1.0
1999,Florida,62.8,15111244.0,0.0
1999,Georgia,69.2,7788240.0,1.0
1999,Hawaii,67.1,1185497.0,1.0
1999,Idaho,70.9,1251700.0,0.0
1999,Illinois,69.0,12128370.0,0.0
1999,Indiana,68.7,5942901.0,1.0
1999,Iowa,71.8,2869413.0,0.0
1999,Kansas,71.0,2654052.0,0.0
1999,Maryland,70.2,5171634.0,1.0
1999,Massachusetts,68.9,6175169.0,0.0
1999,Michigan,67.9,9863775.0,0.0
1999,Missouri,70.2,5468338.0,1.0
1999,Montana,68.8,882779.0,0.0
1999,Nebraska,73.1,1666028.0,0.0
1999,Nevada,69.4,1809253.0,0.0
1999,New Hampshire,72.6,1201134.0,1.0
1999,New Jersey,66.7,8143412.0,0.0
1999,New Mexico,63.0,1739844.0,0.0
1999,New York,63.0,18196601.0,0.0
1999,North Carolina,66.8,7650789.0,1.0
1999,North Dakota,71.0,633666.0,0.0
1999,Ohio,66.7,11256654.0,0.0
1999,Oklahoma,64.7,3358044.0,0.0
1999,Oregon,68.7,3316154.0,1.0
1999,Pennsylvania,64.3,11994016.0,0.0
1999,Rhode Island,66.7,990819.0,0.0
1999,South Carolina,66.1,3885736.0,1.0
1999,South Dakota,72.5,733133.0,0.0
1999,Texas,69.0,20044141.0,0.0
1999,Utah,72.6,2129836.0,0.0
1999,Vermont,72.4,593740.0,1.0
1999,Virginia,67.8,6872912.0,0.0
1999,Washington,69.8,5756361.0,1.0
1999,West Virginia,55.6,1806928.0,0.0
1999,Wisconsin,73.3,5250446.0,0.0
1999,Wyoming,71.3,479602.0,0.0
2000,Alabama,73.5,4452173.0,1.0
2000,Alaska,63.6,627963.0,1.0
2000,Arizona,65.5,5160586.0,0.0
2000,Arkansas,61.7,2678588.0,0.0
2000,California,66.7,33987977.0,1.0
2000,Colorado,72.2,4326921.0,0.0
2000,Connecticut,68.0,3411777.0,0.0
2000,Delaware,68.2,786373.0,1.0
2000,Florida,63.0,16047515.0,0.0
2000,Georgia,69.1,8227303.0,1.0
2000,Hawaii,67.1,1213519.0,1.0
2000,Idaho,69.6,1299430.0,0.0
2000,Illinois,69.9,12434161.0,0.0
2000,Indiana,68.3,6091866.0,1.0
2000,Iowa,71.5,2929067.0,1.0
2000,Kansas,70.6,2693681.0,0.0
2000,Maryland,70.0,5311034.0,1.0
2000,Massachusetts,68.2,6361104.0,0.0
2000,Michigan,68.8,9952450.0,0.0
2000,Missouri,70.1,5607285.0,1.0
2000,Montana,68.7,903773.0,0.0
2000,Nebraska,73.2,1713820.0,0.0
2000,Nevada,69.9,2018741.0,0.0
2000,New Hampshire,72.3,1239882.0,1.0
2000,New Jersey,66.9,8430621.0,0.0
2000,New Mexico,62.8,1821204.0,0.0
2000,New York,63.0,19001780.0,0.0
2000,North Carolina,67.2,8081614.0,1.0
2000,North Dakota,70.6,642023.0,0.0
2000,Ohio,67.4,11363543.0,0.0
2000,Oklahoma,64.4,3454365.0,0.0
2000,Oregon,68.7,3429708.0,1.0
2000,Pennsylvania,64.3,12284173.0,0.0
2000,Rhode Island,67.2,1050268.0,0.0
2000,South Carolina,64.9,4024223.0,1.0
2000,South Dakota,72.8,755844.0,0.0
2000,Texas,68.8,20944499.0,0.0
2000,Utah,72.1,2244502.0,0.0
2000,Vermont,70.8,609618.0,1.0
2000,Virginia,68.0,7105817.0,0.0
2000,Washington,69.4,5910512.0,1.0
2000,West Virginia,55.9,1807021.0,0.0
2000,Wisconsin,73.1,5373999.0,0.0
2000,Wyoming,71.1,494300.0,0.0
2001,Alabama,72.8,4467634.0,1.0
2001,Alaska,63.1,633714.0,1.0
2001,Arizona,65.4,5273477.0,0.0
2001,Arkansas,61.0,2691571.0,0.0
2001,California,67.2,34479458.0,1.0
2001,Colorado,71.3,4425687.0,0.0
2001,Connecticut,67.4,3432835.0,0.0
2001,Delaware,70.4,795699.0,1.0
2001,Florida,63.7,16356966.0,0.0
2001,Georgia,68.9,8377038.0,1.0
2001,Hawaii,67.3,1225948.0,1.0
2001,Idaho,69.7,1319962.0,0.0
2001,Illinois,69.0,12488445.0,0.0
2001,Indiana,67.8,6127760.0,1.0
2001,Iowa,71.8,2931997.0,1.0
2001,Kansas,69.8,2702162.0,0.0
2001,Maryland,70.3,5374691.0,1.0
2001,Massachusetts,68.0,6397634.0,0.0
2001,Michigan,68.6,9991120.0,0.0
2001,Missouri,70.5,5641142.0,1.0
2001,Montana,67.8,906961.0,0.0
2001,Nebraska,73.4,1719836.0,0.0
2001,Nevada,70.8,2098399.0,0.0
2001,New Hampshire,72.3,1255517.0,1.0
2001,New Jersey,66.3,8492671.0,0.0
2001,New Mexico,63.5,1831690.0,0.0
2001,New York,62.5,19082838.0,0.0
2001,North Carolina,67.9,8210122.0,1.0
2001,North Dakota,71.0,639062.0,0.0
2001,Ohio,67.1,11387404.0,0.0
2001,Oklahoma,64.2,3467100.0,0.0
2001,Oregon,68.2,3467937.0,1.0
2001,Pennsylvania,64.9,12298970.0,0.0
2001,Rhode Island,66.4,1057142.0,0.0
2001,South Carolina,64.6,4064995.0,1.0
2001,South Dakota,73.1,757972.0,0.0
2001,Texas,68.1,21319622.0,0.0
2001,Utah,72.3,2283715.0,0.0
2001,Vermont,70.6,612223.0,1.0
2001,Virginia,68.4,7198362.0,0.0
2001,Washington,68.8,5985722.0,1.0
2001,West Virginia,56.1,1801481.0,1.0
2001,Wisconsin,73.3,5406835.0,0.0
2001,Wyoming,71.6,494657.0,0.0
2002,Alabama,72.3,4480089.0,1.0
2002,Alaska,61.4,642337.0,0.0
2002,Arizona,66.0,5396255.0,0.0
2002,Arkansas,60.8,2705927.0,0.0
2002,California,66.5,34871843.0,1.0
2002,Colorado,71.5,4490406.0,0.0
2002,Connecticut,67.0,3458749.0,0.0
2002,Delaware,68.5,806169.0,1.0
2002,Florida,62.2,16689370.0,0.0
2002,Georgia,68.3,8508256.0,1.0
2002,Hawaii,66.4,1239613.0,0.0
2002,Idaho,69.8,1340372.0,0.0
2002,Illinois,67.9,12525556.0,0.0
2002,Indiana,68.0,6155967.0,1.0
2002,Iowa,72.1,2934234.0,1.0
2002,Kansas,69.5,2713535.0,0.0
2002,Maryland,70.2,5440389.0,1.0
2002,Massachusetts,68.3,6417206.0,0.0
2002,Michigan,66.7,10015710.0,0.0
2002,Missouri,69.4,5674825.0,1.0
2002,Montana,66.6,911667.0,0.0
2002,Nebraska,73.0,1728292.0,0.0
2002,Nevada,70.1,2173791.0,0.0
2002,New Hampshire,71.1,1269089.0,1.0
2002,New Jersey,66.5,8552643.0,1.0
2002,New Mexico,63.0,1855309.0,0.0
2002,New York,62.8,19137800.0,0.0
2002,North Carolina,67.4,8326201.0,1.0
2002,North Dakota,70.4,638168.0,0.0
2002,Ohio,67.2,11407889.0,0.0
2002,Oklahoma,64.9,3489080.0,0.0
2002,Oregon,67.5,3513424.0,1.0
2002,Pennsylvania,65.0,12331031.0,0.0
2002,Rhode Island,65.9,1065995.0,0.0
2002,South Carolina,62.7,4107795.0,1.0
2002,South Dakota,72.9,760020.0,0.0
2002,Texas,67.9,21690325.0,0.0
2002,Utah,71.3,2324815.0,0.0
2002,Vermont,70.7,615442.0,1.0
2002,Virginia,68.4,7286873.0,1.0
2002,Washington,67.4,6052349.0,1.0
2002,West Virginia,55.9,1805414.0,1.0
2002,Wisconsin,72.6,5445162.0,0.0
2002,Wyoming,71.1,500017.0,0.0
2003,Alabama,72.4,4503491.0,0.0
2003,Alaska,61.7,648414.0,0.0
2003,Arizona,65.6,5510364.0,1.0
2003,Arkansas,61.1,2724816.0,0.0
2003,California,66.0,35253159.0,0.0
2003,Colorado,71.4,4528732.0,0.0
2003,Connecticut,67.6,3484336.0,0.0
2003,Delaware,66.8,818003.0,1.0
2003,Florida,61.6,17004085.0,0.0
2003,Georgia,68.3,8622793.0,0.0
2003,Hawaii,65.5,1251154.0,0.0
2003,Idaho,69.0,1363380.0,0.0
2003,Illinois,66.2,12556006.0,1.0
2003,Indiana,67.7,6196638.0,1.0
2003,Iowa,72.0,2941999.0,1.0
2003,Kansas,70.2,2723004.0,1.0
2003,Maine,66.8,1306513.0,1.0
2003,Maryland,69.4,5496269.0,0.0
2003,Massachusetts,68.2,6422565.0,0.0
2003,Michigan,65.6,10041152.0,1.0
2003,Missouri,68.8,5709403.0,1.0
2003,Montana,66.6,919630.0,0.0
2003,Nebraska,73.8,1738643.0,0.0
2003,Nevada,68.5,2248850.0,0.0
2003,New Hampshire,71.5,1279840.0,0.0
2003,New Jersey,66.2,8601402.0,1.0
2003,New Mexico,63.1,1877574.0,1.0
2003,New York,63.0,19175939.0,0.0
2003,North Carolina,67.0,8422501.0,1.0
2003,North Dakota,70.9,638817.0,0.0
2003,Ohio,67.1,11434788.0,0.0
2003,Oklahoma,64.2,3504892.0,1.0
2003,Oregon,67.2,3547376.0,1.0
2003,Pennsylvania,64.3,12374658.0,1.0
2003,Rhode Island,67.4,1071342.0,0.0
2003,South Carolina,63.5,4150297.0,0.0
2003,South Dakota,73.0,763729.0,0.0
2003,Texas,68.1,22030931.0,0.0
2003,Utah,71.0,2360137.0,0.0
2003,Vermont,71.0,617858.0,0.0
2003,Virginia,68.5,7366977.0,1.0
2003,Washington,67.3,6104115.0,1.0
2003,West Virginia,55.5,1812295.0,1.0
2003,Wisconsin,72.5,5479203.0,1.0
2003,Wyoming,71.2,503453.0,1.0
2004,Alabama,71.9,4530729.0,0.0
2004,Alaska,61.9,659286.0,0.0
2004,Arizona,65.2,5652404.0,1.0
2004,Arkansas,61.2,2749686.0,0.0
2004,California,65.5,35574576.0,0.0
2004,Colorado,72.1,4575013.0,0.0
2004,Connecticut,67.1,3496094.0,0.0
2004,Delaware,66.9,830803.0,1.0
2004,Florida,61.3,17415318.0,0.0
2004,Georgia,67.8,8769252.0,0.0
2004,Hawaii,65.1,1273569.0,0.0
2004,Idaho,68.2,1391802.0,0.0
2004,Illinois,66.3,12589773.0,1.0
2004,Indiana,67.4,6233007.0,1.0
2004,Iowa,71.1,2953635.0,1.0
2004,Kansas,71.0,2734373.0,1.0
2004,Maine,66.6,1313688.0,1.0
2004,Maryland,68.9,5546935.0,0.0
2004,Massachusetts,67.9,6412281.0,0.0
2004,Michigan,65.5,10055315.0,1.0
2004,Missouri,68.3,5747741.0,1.0
2004,Montana,66.4,930009.0,0.0
2004,Nebraska,74.1,1749370.0,0.0
2004,Nevada,67.4,2346222.0,0.0
2004,New Hampshire,71.1,1290121.0,0.0
2004,New Jersey,66.0,8634561.0,1.0
2004,New Mexico,63.1,1903808.0,1.0
2004,New York,62.3,19171567.0,0.0
2004,North Carolina,66.9,8553152.0,1.0
2004,North Dakota,72.1,644705.0,0.0
2004,Ohio,66.6,11452251.0,0.0
2004,Oklahoma,64.0,3525233.0,1.0
2004,Oregon,66.7,3569463.0,1.0
2004,Pennsylvania,64.2,12410722.0,1.0
2004,Rhode Island,66.7,1074579.0,0.0
2004,South Carolina,64.0,4210921.0,0.0
2004,South Dakota,73.2,770396.0,0.0
2004,Texas,67.5,22394023.0,0.0
2004,Utah,71.0,2401580.0,0.0
2004,Vermont,71.0,619920.0,0.0
2004,Virginia,68.1,7475575.0,1.0
2004,Washington,67.3,6178645.0,1.0
2004,West Virginia,55.1,1816438.0,1.0
2004,Wisconsin,71.9,5514026.0,1.0
2004,Wyoming,71.3,509106.0,1.0
2005,Alabama,71.7,4569805.0,0.0
2005,Alaska,61.2,666946.0,0.0
2005,Arizona,64.1,5839077.0,1.0
2005,Arkansas,61.8,2781097.0,0.0
2005,California,65.1,35827943.0,0.0
2005,Colorado,71.9,4631888.0,0.0
2005,Connecticut,66.5,3506956.0,0.0
2005,Delaware,66.0,845150.0,1.0
2005,Florida,61.8,17842038.0,0.0
2005,Georgia,67.9,8925922.0,0.0
2005,Hawaii,65.2,1292729.0,0.0
2005,Idaho,68.9,1428241.0,0.0
2005,Illinois,66.6,12609903.0,1.0
2005,Indiana,67.0,6278616.0,0.0
2005,Iowa,71.1,2964454.0,1.0
2005,Kansas,70.8,2745299.0,1.0
2005,Maine,66.2,1318787.0,1.0
2005,Maryland,68.5,5592379.0,0.0
2005,Massachusetts,66.8,6403290.0,0.0
2005,Michigan,65.6,10051137.0,1.0
2005,Missouri,68.1,5790300.0,0.0
2005,Montana,66.6,940102.0,1.0
2005,Nebraska,73.8,1761497.0,0.0
2005,Nevada,67.1,2432143.0,0.0
2005,New Hampshire,71.1,1298492.0,1.0
2005,New Mexico,63.1,1932274.0,1.0
2005,New York,62.8,19132610.0,0.0
2005,North Carolina,66.2,8705407.0,1.0
2005,North Dakota,72.3,646089.0,0.0
2005,Ohio,66.6,11463320.0,0.0
2005,Oklahoma,64.3,3548597.0,1.0
2005,Oregon,65.7,3613202.0,1.0
2005,Pennsylvania,64.5,12449990.0,1.0
2005,Rhode Island,66.3,1067916.0,0.0
2005,South Carolina,64.1,4270150.0,0.0
2005,South Dakota,72.9,775493.0,0.0
2005,Texas,67.4,22778123.0,0.0
2005,Utah,71.5,2457719.0,0.0
2005,Vermont,70.2,621215.0,0.0
2005,Virginia,68.0,7577105.0,1.0
2005,Washington,67.4,6257305.0,1.0
2005,West Virginia,55.1,1820492.0,1.0
2005,Wisconsin,70.7,5546166.0,1.0
2005,Wyoming,71.1,514157.0,1.0
2006,Alabama,71.3,4628981.0,0.0
2006,Alaska,60.9,675302.0,0.0
2006,Arizona,63.9,6029141.0,1.0
2006,Arkansas,61.9,2821761.0,0.0
2006,California,64.9,36021202.0,0.0
2006,Colorado,71.9,4720423.0,0.0
2006,Connecticut,67.6,3517460.0,0.0
2006,Delaware,67.6,859268.0,1.0
2006,Florida,62.5,18166990.0,0.0
2006,Georgia,68.0,9155813.0,0.0
2006,Hawaii,65.9,1309731.0,0.0
2006,Idaho,68.8,1468669.0,0.0
2006,Illinois,66.8,12643955.0,1.0
2006,Indiana,67.6,6332669.0,0.0
2006,Iowa,71.9,2982644.0,1.0
2006,Kansas,70.2,2762931.0,1.0
2006,Maine,66.6,1323619.0,1.0
2006,Maryland,69.1,5627367.0,0.0
2006,Massachusetts,66.7,6410084.0,0.0
2006,Michigan,65.3,10036081.0,1.0
2006,Missouri,67.5,5842704.0,0.0
2006,Montana,66.7,952692.0,1.0
2006,Nebraska,72.9,1772693.0,0.0
2006,Nevada,67.8,2522658.0,0.0
2006,New Hampshire,70.9,1308389.0,1.0
2006,New Jersey,66.5,8661679.0,1.0
2006,New Mexico,62.6,1962137.0,1.0
2006,New York,63.2,19104631.0,0.0
2006,North Carolina,66.0,8917270.0,1.0
2006,North Dakota,72.7,649422.0,0.0
2006,Ohio,66.7,11481213.0,0.0
2006,Oklahoma,63.9,3594090.0,1.0
2006,Oregon,65.1,3670883.0,1.0
2006,Pennsylvania,64.3,12510809.0,1.0
2006,Rhode Island,67.9,1063096.0,0.0
2006,South Carolina,64.7,4357847.0,0.0
2006,South Dakota,72.4,783033.0,0.0
2006,Texas,67.0,23359580.0,0.0
2006,Utah,72.3,2525507.0,0.0
2006,Vermont,71.0,622892.0,0.0
2006,Virginia,68.5,7673725.0,1.0
2006,Washington,67.6,6370753.0,1.0
2006,West Virginia,55.6,1827912.0,1.0
2006,Wisconsin,70.7,5577655.0,1.0
2006,Wyoming,71.6,522667.0,1.0
2007,Alabama,70.9,4672840.0,0.0
2007,Alaska,61.3,680300.0,0.0
2007,Arizona,64.1,6167681.0,1.0
2007,Arkansas,61.6,2848650.0,1.0
2007,California,65.4,36250311.0,0.0
2007,Colorado,72.2,4803868.0,1.0
2007,Connecticut,68.4,3527270.0,0.0
2007,Delaware,67.0,871749.0,1.0
2007,Florida,63.6,18367842.0,0.0
2007,Georgia,68.3,9349988.0,0.0
2007,Hawaii,66.3,1315675.0,0.0
2007,Idaho,68.3,1505105.0,0.0
2007,Illinois,67.8,12695866.0,1.0
2007,Indiana,67.0,6379599.0,0.0
2007,Iowa,72.3,2999212.0,1.0
2007,Kansas,71.1,2783785.0,1.0
2007,Maine,66.7,1327040.0,1.0
2007,Maryland,69.5,5653408.0,1.0
2007,Massachusetts,67.1,6431559.0,1.0
2007,Michigan,64.7,10001284.0,1.0
2007,Missouri,67.7,5887612.0,0.0
2007,Montana,67.1,964706.0,1.0
2007,Nebraska,72.9,1783440.0,0.0
2007,Nevada,69.3,2601072.0,0.0
2007,New Hampshire,71.1,1312540.0,1.0
2007,New Jersey,66.5,8677885.0,1.0
2007,New Mexico,62.4,1990070.0,1.0
2007,New York,62.7,19132335.0,1.0
2007,North Carolina,66.4,9118037.0,1.0
2007,North Dakota,74.2,652822.0,0.0
2007,Ohio,67.7,11500468.0,1.0
2007,Oklahoma,63.8,3634349.0,1.0
2007,Oregon,65.7,3722417.0,1.0
2007,Pennsylvania,64.6,12563937.0,1.0
2007,Rhode Island,68.4,1057315.0,0.0
2007,South Carolina,65.0,4444110.0,0.0
2007,South Dakota,72.5,791623.0,0.0
2007,Texas,66.2,23831983.0,0.0
2007,Utah,73.1,2597746.0,0.0
2007,Vermont,71.0,623481.0,0.0
2007,Virginia,68.9,7751000.0,1.0
2007,Washington,67.9,6461587.0,1.0
2007,West Virginia,55.8,1834052.0,1.0
2007,Wisconsin,71.1,5610775.0,1.0
2007,Wyoming,72.2,534876.0,1.0
2008,Alabama,70.7,4718206.0,0.0
2008,Alaska,60.7,687455.0,0.0
2008,Arizona,63.2,6280362.0,1.0
2008,Arkansas,61.2,2874554.0,1.0
2008,California,65.5,36604337.0,0.0
2008,Colorado,72.7,4889730.0,1.0
2008,Connecticut,68.8,3545579.0,0.0
2008,Delaware,66.6,883874.0,1.0
2008,Florida,63.6,18527305.0,0.0
2008,Georgia,68.1,9504843.0,0.0
2008,Hawaii,65.9,1332213.0,0.0
2008,Idaho,66.9,1534320.0,0.0
2008,Illinois,68.6,12747038.0,1.0
2008,Indiana,66.3,6424806.0,0.0
2008,Iowa,72.2,3016734.0,1.0
2008,Kansas,70.7,2808076.0,1.0
2008,Maine,66.1,1330509.0,1.0
2008,Maryland,69.2,5684965.0,1.0
2008,Massachusetts,66.7,6468967.0,1.0
2008,Michigan,63.8,9946889.0,1.0
2008,Missouri,67.2,5923916.0,0.0
2008,Montana,67.5,976415.0,1.0
2008,Nebraska,73.1,1796378.0,0.0
2008,Nevada,69.5,2653630.0,0.0
2008,New Hampshire,70.7,1315906.0,1.0
2008,New Jersey,66.7,8711090.0,1.0
2008,New Mexico,62.2,2010662.0,1.0
2008,New York,62.8,19212436.0,1.0
2008,North Carolina,65.4,9309449.0,1.0
2008,North Dakota,74.4,657569.0,0.0
2008,Ohio,67.4,11515391.0,1.0
2008,Oklahoma,63.2,3668976.0,1.0
2008,Oregon,65.3,3768748.0,1.0
2008,Pennsylvania,64.9,12612285.0,1.0
2008,Rhode Island,68.0,1055003.0,0.0
2008,South Carolina,62.8,4528996.0,0.0
2008,South Dakota,71.8,799124.0,0.0
2008,Texas,65.7,24309039.0,0.0
2008,Utah,72.6,2663029.0,0.0
2008,Vermont,69.9,624151.0,0.0
2008,Virginia,69.4,7833496.0,1.0
2008,Washington,68.2,6562231.0,1.0
2008,West Virginia,55.8,1840310.0,1.0
2008,Wisconsin,70.7,5640996.0,1.0
2008,Wyoming,72.2,546043.0,1.0
2009,Alabama,70.5,4757938.0,0.0
2009,Alaska,59.7,698895.0,0.0
2009,Arizona,63.8,6343154.0,0.0
2009,Arkansas,60.8,2896843.0,1.0
2009,California,65.7,36961229.0,0.0
2009,Colorado,71.6,4972195.0,1.0
2009,Connecticut,68.8,3561807.0,0.0
2009,Delaware,65.3,891730.0,1.0
2009,Florida,62.3,18652644.0,0.0
2009,Georgia,65.9,9620846.0,0.0
2009,Hawaii,64.9,1346717.0,0.0
2009,Idaho,66.9,1554439.0,0.0
2009,Illinois,66.9,12796778.0,1.0
2009,Indiana,66.5,6459325.0,0.0
2009,Iowa,72.6,3032870.0,1.0
2009,Kansas,71.1,2832704.0,1.0
2009,Maine,65.8,1329590.0,1.0
2009,Maryland,69.7,5730388.0,1.0
2009,Massachusetts,66.8,6517613.0,1.0
2009,Michigan,62.7,9901591.0,1.0
2009,Missouri,66.8,5961088.0,1.0
2009,Montana,66.7,983982.0,1.0
2009,Nebraska,72.8,1812683.0,0.0
2009,Nevada,69.2,2684665.0,0.0
2009,New Hampshire,70.3,1316102.0,1.0
2009,New Jersey,67.0,8755602.0,1.0
2009,New Mexico,61.9,2036802.0,1.0
2009,New York,63.4,19307066.0,1.0
2009,North Carolina,66.0,9449566.0,1.0
2009,North Dakota,74.0,664968.0,0.0
2009,Ohio,66.6,11528896.0,1.0
2009,Oklahoma,63.8,3717572.0,1.0
2009,Oregon,66.0,3808600.0,1.0
2009,Pennsylvania,65.2,12666858.0,1.0
2009,Rhode Island,67.9,1053646.0,0.0
2009,South Carolina,62.8,4589872.0,0.0
2009,South Dakota,71.9,807067.0,0.0
2009,Texas,65.8,24801761.0,0.0
2009,Utah,71.2,2723421.0,0.0
2009,Vermont,70.7,624817.0,0.0
2009,Virginia,69.4,7925937.0,1.0
2009,Washington,67.8,6667426.0,1.0
2009,West Virginia,55.8,1847775.0,1.0
2009,Wisconsin,70.9,5669264.0,1.0
2009,Wyoming,71.9,559851.0,1.0
2010,Alabama,70.0,4785437.0,0.0
2010,Alaska,58.5,713910.0,0.0
2010,Arizona,62.4,6407172.0,0.0
2010,Arkansas,59.7,2921964.0,1.0
2010,California,64.8,37319502.0,0.0
2010,Colorado,69.6,5047349.0,1.0
2010,Connecticut,68.6,3579114.0,0.0
2010,Delaware,62.2,899593.0,1.0
2010,Florida,61.4,18845537.0,0.0
2010,Georgia,64.9,9711881.0,0.0
2010,Hawaii,64.4,1363963.0,1.0
2010,Idaho,65.9,1570746.0,0.0
2010,Illinois,66.8,12840503.0,1.0
2010,Indiana,64.3,6490432.0,0.0
2010,Iowa,71.2,3050745.0,1.0
2010,Kansas,70.3,2858190.0,1.0
2010,Maine,65.3,1327629.0,1.0
2010,Maryland,69.0,5788645.0,1.0
2010,Massachusetts,65.9,6566307.0,1.0
2010,Michigan,61.5,9877510.0,1.0
2010,Missouri,65.7,5995974.0,1.0
2010,Montana,64.9,990697.0,1.0
2010,Nebraska,72.1,1829542.0,0.0
2010,Nevada,67.6,2702405.0,0.0
2010,New Hampshire,69.7,1316762.0,1.0
2010,New Jersey,67.1,8799446.0,0.0
2010,New Mexico,60.6,2064552.0,1.0
2010,New York,62.6,19399878.0,1.0
2010,North Carolina,64.3,9574323.0,1.0
2010,North Dakota,73.6,674715.0,0.0
2010,Ohio,65.7,11539336.0,1.0
2010,Oklahoma,63.2,3759944.0,1.0
2010,Oregon,65.1,3837491.0,1.0
2010,Pennsylvania,63.6,12711160.0,1.0
2010,Rhode Island,67.6,1053959.0,0.0
2010,South Carolina,61.4,4635649.0,0.0
2010,South Dakota,70.8,816166.0,0.0
2010,Texas,66.3,25241971.0,0.0
2010,Vermont,70.6,625879.0,0.0
2010,Virginia,68.5,8023699.0,0.0
2010,Washington,66.2,6742830.0,1.0
2010,West Virginia,55.5,1854239.0,1.0
2010,Wisconsin,69.7,5690475.0,1.0
2010,Wyoming,71.6,564487.0,1.0
2011,Alabama,69.3,4799069.0,0.0
2011,Alaska,59.2,722128.0,0.0
2011,Arizona,62.6,6472643.0,0.0
2011,Arkansas,59.5,2940667.0,1.0
2011,California,63.5,37638369.0,1.0
2011,Colorado,69.2,5121108.0,1.0
2011,Connecticut,68.0,3588283.0,1.0
2011,Delaware,62.1,907381.0,1.0
2011,Florida,61.2,19053237.0,0.0
2011,Georgia,64.2,9802431.0,0.0
2011,Hawaii,62.9,1379329.0,1.0
2011,Idaho,64.9,1583910.0,0.0
2011,Illinois,66.1,12867454.0,1.0
2011,Indiana,63.5,6516528.0,0.0
2011,Iowa,70.8,3066336.0,0.0
2011,Kansas,69.6,2869225.0,0.0
2011,Maine,64.9,1328284.0,0.0
2011,Maryland,68.3,5839419.0,1.0
2011,Massachusetts,66.1,6613583.0,1.0
2011,Michigan,60.3,9882412.0,0.0
2011,Missouri,65.6,6010275.0,1.0
2011,Montana,63.9,997316.0,1.0
2011,Nebraska,71.5,1840672.0,0.0
2011,Nevada,65.1,2712730.0,0.0
2011,New Hampshire,69.7,1320202.0,1.0
2011,New Jersey,66.0,8828117.0,0.0
2011,New Mexico,58.6,2080450.0,0.0
2011,New York,62.0,19499241.0,1.0
2011,North Carolina,62.9,9657592.0,1.0
2011,Ohio,64.7,11544663.0,0.0
2011,Oklahoma,61.7,3788379.0,0.0
2011,Oregon,65.5,3872036.0,1.0
2011,Pennsylvania,63.1,12745815.0,0.0
2011,Rhode Island,67.2,1053649.0,1.0
2011,South Carolina,60.7,4671994.0,0.0
2011,South Dakota,71.8,823579.0,0.0
2011,Texas,65.9,25645629.0,0.0
2011,Vermont,70.6,627049.0,1.0
2011,Virginia,67.4,8101155.0,0.0
2011,Washington,65.3,6826627.0,1.0
2011,Wisconsin,69.1,5705288.0,0.0
2011,Wyoming,69.5,567299.0,0.0
2012,Alabama,68.6,4815588.0,0.0
2012,Alaska,57.7,730443.0,0.0
2012,Arizona,61.3,6554978.0,0.0
2012,Arkansas,59.1,2952164.0,1.0
2012,California,62.9,37948800.0,1.0
2012,Colorado,68.6,5192647.0,1.0
2012,Connecticut,67.4,3594547.0,1.0
2012,Delaware,61.9,915179.0,1.0
2012,Florida,60.6,19297822.0,0.0
2012,Georgia,64.1,9901430.0,0.0
2012,Hawaii,61.7,1394804.0,1.0
2012,Idaho,64.9,1595324.0,0.0
2012,Illinois,66.0,12882510.0,1.0
2012,Indiana,63.7,6537703.0,0.0
2012,Iowa,69.9,3076190.0,0.0
2012,Kansas,68.9,2885257.0,0.0
2012,Maine,64.7,1327729.0,0.0
2012,Maryland,67.9,5886992.0,1.0
2012,Massachusetts,65.7,6663005.0,1.0
2012,Michigan,60.2,9897145.0,0.0
2012,Missouri,64.7,6024367.0,1.0
2012,Montana,64.0,1003783.0,1.0
2012,Nebraska,71.8,1853303.0,0.0
2012,Nevada,64.7,2743996.0,0.0
2012,New Hampshire,69.4,1324232.0,1.0
2012,New Jersey,65.9,8844942.0,0.0
2012,New Mexico,58.3,2087309.0,0.0
2012,North Carolina,62.8,9749476.0,1.0
2012,Ohio,63.6,11548923.0,0.0
2012,Oklahoma,62.0,3818814.0,0.0
2012,Oregon,64.5,3899001.0,1.0
2012,Pennsylvania,63.2,12767118.0,0.0
2012,Rhode Island,66.0,1054621.0,1.0
2012,South Carolina,60.2,4717354.0,0.0
2012,South Dakota,71.1,833566.0,0.0
2012,Texas,65.6,26084481.0,0.0
2012,Vermont,69.5,626090.0,1.0
2012,Virginia,67.2,8185080.0,0.0
2012,Washington,64.5,6897058.0,1.0
2012,Wisconsin,68.7,5719960.0,0.0
2012,Wyoming,69.1,576305.0,0.0
2013,Alabama,67.7,4830081.0,0.0
2013,Alaska,57.6,737068.0,0.0
2013,Arizona,60.6,6632764.0,0.0
2013,Arkansas,58.0,2959400.0,1.0
2013,California,62.9,38260787.0,1.0
2013,Colorado,68.3,5269035.0,1.0
2013,Connecticut,65.4,3594841.0,1.0
2013,Delaware,61.2,923576.0,1.0
2013,Florida,60.3,19545621.0,0.0
2013,Georgia,63.4,9972479.0,0.0
2013,Hawaii,60.5,1408243.0,1.0
2013,Idaho,64.3,1611206.0,0.0
2013,Illinois,65.7,12895129.0,1.0
2013,Indiana,62.9,6568713.0,0.0
2013,Iowa,69.3,3092997.0,0.0
2013,Kansas,68.4,2893212.0,0.0
2013,Maine,64.9,1328009.0,0.0
2013,Maryland,67.9,5923188.0,1.0
2013,Massachusetts,65.3,6713315.0,1.0
2013,Michigan,60.4,9913065.0,0.0
2013,Missouri,64.3,6040715.0,1.0
2013,Montana,64.0,1013569.0,1.0
2013,Nebraska,71.9,1865279.0,0.0
2013,Nevada,64.0,2775970.0,0.0
2013,New Hampshire,69.4,1326622.0,1.0
2013,New Jersey,65.7,8856972.0,0.0
2013,New Mexico,58.3,2092273.0,0.0
2013,North Carolina,63.0,9843336.0,0.0
2013,Ohio,63.0,11576684.0,0.0
2013,Oklahoma,61.9,3853214.0,0.0
2013,Oregon,62.1,3922468.0,1.0
2013,Pennsylvania,63.5,12776309.0,0.0
2013,Rhode Island,66.1,1055081.0,1.0
2013,South Carolina,59.8,4764080.0,0.0
2013,South Dakota,70.4,842316.0,0.0
2013,Texas,65.3,26480266.0,0.0
2013,Vermont,68.7,626210.0,1.0
2013,Virginia,66.6,8252427.0,0.0
2013,Washington,63.9,6963985.0,1.0
2013,Wisconsin,68.4,5736754.0,0.0
2013,Wyoming,67.7,582122.0,0.0
2014,Alabama,67.4,4841799.0,0.0
2014,Alaska,56.9,736283.0,0.0
2014,Arizona,60.0,6730413.0,0.0
2014,Arkansas,57.0,2967392.0,1.0
2014,California,62.0,38596972.0,1.0
2014,Colorado,67.2,5350101.0,1.0
2014,Connecticut,65.4,3594524.0,1.0
2014,Delaware,60.8,932487.0,1.0
2014,Florida,59.9,19845911.0,0.0
2014,Georgia,62.3,10067278.0,0.0
2014,Hawaii,61.2,1414538.0,1.0
2014,Idaho,63.9,1631112.0,0.0
2014,Illinois,65.1,12884493.0,1.0
2014,Indiana,63.2,6593644.0,0.0
2014,Iowa,69.9,3109350.0,0.0
2014,Kansas,68.1,2900475.0,0.0
2014,Maine,64.5,1330513.0,0.0
2014,Maryland,66.9,5957283.0,1.0
2014,Massachusetts,64.9,6762596.0,1.0
2014,Michigan,60.5,9929848.0,0.0
2014,Missouri,64.3,6056202.0,1.0
2014,Nebraska,71.0,1879321.0,0.0
2014,Nevada,63.2,2817628.0,0.0
2014,New Hampshire,68.7,1333341.0,1.0
2014,New Jersey,64.0,8864525.0,0.0
2014,New Mexico,57.9,2089568.0,0.0
2014,North Carolina,61.1,9932887.0,0.0
2014,Ohio,62.7,11602700.0,0.0
2014,Oklahoma,61.1,3878187.0,0.0
2014,Oregon,61.4,3963244.0,1.0
2014,Pennsylvania,62.7,12788313.0,0.0
2014,Rhode Island,65.3,1055936.0,1.0
2014,South Carolina,58.8,4823617.0,0.0
2014,South Dakota,69.9,849129.0,0.0
2014,Texas,65.0,26964333.0,0.0
2014,Vermont,68.0,625214.0,1.0
2014,Virginia,66.3,8310993.0,1.0
2014,Wisconsin,68.0,5751525.0,0.0
2014,Wyoming,67.3,582531.0,0.0
2015,Alabama,67.1,4852347.0,0.0
2015,Arizona,60.4,6829676.0,0.0
2015,Arkansas,57.4,2978048.0,1.0
2015,California,62.2,38918045.0,1.0
2015,Colorado,66.8,5450623.0,1.0
2015,Connecticut,66.2,3587122.0,1.0
2015,Delaware,61.6,941252.0,1.0
2015,Florida,59.5,20209042.0,0.0
2015,Georgia,61.4,10178447.0,0.0
2015,Idaho,63.5,1651059.0,0.0
2015,Illinois,64.5,12858913.0,0.0
2015,Indiana,63.5,6608422.0,0.0
2015,Iowa,70.2,3120960.0,0.0
2015,Kansas,67.9,2909011.0,0.0
2015,Maine,63.6,1328262.0,0.0
2015,Maryland,66.9,5985562.0,1.0
2015,Massachusetts,65.6,6794228.0,1.0
2015,Michigan,60.3,9931715.0,0.0
2015,Missouri,64.6,6071732.0,1.0
2015,Nebraska,70.3,1891277.0,0.0
2015,Nevada,62.7,2866939.0,0.0
2015,New Hampshire,68.8,1336350.0,1.0
2015,New Jersey,64.3,8867949.0,0.0
2015,New Mexico,58.3,2089291.0,0.0
2015,North Carolina,61.1,10031646.0,0.0
2015,Ohio,62.8,11617527.0,0.0
2015,Oklahoma,61.4,3909500.0,0.0
2015,Oregon,61.4,4015792.0,1.0
2015,Pennsylvania,62.6,12784826.0,0.0
2015,Rhode Island,65.2,1056065.0,1.0
2015,South Carolina,59.5,4891938.0,0.0
2015,South Dakota,70.1,853988.0,0.0
2015,Texas,64.2,27470056.0,0.0
2015,Vermont,67.8,625216.0,1.0
2015,Virginia,65.6,8361808.0,1.0
2015,West Virginia,53.5,1842050.0,1.0
2015,Wisconsin,67.9,5760940.0,0.0
2015,Wyoming,67.1,585613.0,0.0
2016,Alabama,66.4,4863525.0,0.0
2016,California,61.9,39167117.0,1.0
2016,Colorado,66.4,5539215.0,1.0
2016,Connecticut,65.6,3578141.0,1.0
2016,Delaware,62.2,948921.0,1.0
2016,Florida,59.2,20613477.0,0.0
2016,Georgia,60.7,10301890.0,0.0
2016,Idaho,63.9,1682380.0,0.0
2016,Illinois,65.5,12820527.0,0.0
2016,Indiana,64.8,6634304.0,0.0
2016,Iowa,70.1,3131371.0,0.0
2016,Kansas,67.8,2910844.0,0.0
2016,Maine,62.9,1331317.0,0.0
2016,Michigan,60.9,9950571.0,0.0
2016,Missouri,64.7,6087135.0,1.0
2016,Nevada,62.2,2917563.0,0.0
2016,New Hampshire,68.5,1342307.0,1.0
2016,New Jersey,64.1,8870827.0,0.0
2016,New Mexico,58.2,2091630.0,0.0
2016,North Carolina,61.2,10154788.0,0.0
2016,Ohio,62.8,11634370.0,0.0
2016,Oklahoma,61.4,3926331.0,0.0
2016,South Carolina,59.2,4957968.0,0.0
2016,South Dakota,69.8,862996.0,0.0
2016,Vermont,67.0,623657.0,1.0
2016,Virginia,64.9,8410106.0,1.0
2016,West Virginia,53.4,1831023.0,1.0
2016,Wisconsin,68.2,5772628.0,0.0
2016,Wyoming,66.9,584215.0,0.0
2017,Alabama,66.2,4874486.0,0.0
2017,California,62.1,39358497.0,1.0
2017,Colorado,66.7,5611885.0,1.0
2017,Connecticut,66.4,3573297.0,1.0
2017,Delaware,61.9,956823.0,1.0
2017,Florida,59.3,20963613.0,0.0
2017,Georgia,63.8,10410330.0,0.0
2017,Idaho,63.6,1717715.0,0.0
2017,Illinois,64.7,12778828.0,0.0
2017,Indiana,64.1,6658078.0,0.0
2017,Iowa,69.0,3141550.0,0.0
2017,Kansas,66.9,2908718.0,0.0
2017,Maine,63.7,1334612.0,0.0
2017,Michigan,61.3,9973114.0,0.0
2017,Missouri,64.1,6106670.0,0.0
2017,Nevada,62.2,2969905.0,0.0
2017,New Hampshire,68.2,1348787.0,0.0
2017,New Jersey,63.6,8885525.0,0.0
2017,New Mexico,58.4,2091784.0,0.0
2017,Ohio,62.9,11659650.0,0.0
2017,Oklahoma,60.9,3931316.0,0.0
2017,South Carolina,58.2,5021268.0,0.0
2017,South Dakota,69.2,872868.0,0.0
2017,Vermont,67.3,624344.0,1.0
2017,Virginia,65.4,8463587.0,1.0
2017,West Virginia,53.2,1817004.0,1.0
2017,Wisconsin,67.9,5790186.0,0.0
2017,Wyoming,66.1,578931.0,0.0
2018,California,61.9,39461588.0,1.0
2018,Colorado,67.7,5691287.0,1.0
2018,Connecticut,65.7,3571520.0,1.0
2018,Florida,59.2,21244317.0,0.0
2018,Georgia,63.7,10511131.0,0.0
2018,Idaho,64.0,1750536.0,0.0
2018,Illinois,64.6,12723071.0,0.0
2018,Kansas,66.7,2911359.0,0.0
2018,Maine,63.0,1339057.0,0.0
2018,Michigan,61.4,9984072.0,0.0
2018,Missouri,63.7,6121623.0,0.0
2018,Nevada,62.9,3027341.0,0.0
2018,New Jersey,62.9,8886025.0,0.0
2018,New Mexico,57.6,2092741.0,0.0
2018,Ohio,62.6,11676341.0,0.0
2018,Oklahoma,61.3,3940235.0,0.0
2018,South Dakota,69.2,878698.0,0.0
2018,Virginia,65.4,8501286.0,1.0
2018,Wisconsin,67.6,5807406.0,0.0
2018,Wyoming,65.6,577601.0,0.0
2019,California,62.3,39512223.0,1.0
2019,Colorado,68.3,5758736.0,1.0
2019,Connecticut,66.2,3565287.0,1.0
2019,Florida,59.1,21477737.0,0.0
2019,Georgia,62.9,10617423.0,0.0
2019,Idaho,64.2,1787065.0,0.0
2019,Illinois,64.9,12671821.0,0.0
2019,Kansas,67.0,2913314.0,0.0
2019,Maine,62.5,1344212.0,0.0
2019,Michigan,61.8,9986857.0,0.0
2019,Nevada,63.8,3080156.0,0.0
2019,New Mexico,58.0,2096829.0,0.0
2019,Ohio,63.0,11689100.0,0.0
2019,Oklahoma,61.0,3956971.0,0.0
2019,South Dakota,69.3,884659.0,0.0
2019,Wisconsin,66.9,5822434.0,0.0
2019,Wyoming,65.6,578759.0,0.0
